{
  "theta_rad": 0.2617993877991494,
  "theta_deg": 14.999999999999998,
  "tx_cells_applied_to_b": 35.0,
  "ty_cells_applied_to_b": -20.0,
  "b_canvas_padding": 40,
  "explore_radius_cells": 15
}